label,target,m,S_target,S_m,L_tail,theta_data,theta_box,lip_box,lip_data,bound,sup_err,slack,bound_holds,spread_end,lyapunov,w1_over_sd,w1_over_sd_base,cond_w1,cond_w1_base,acfsq1_tru,acfsq1_gen,acfsq1_base,cond_sd_range_ratio,tail_err_999,mmd_p,mmd_p_base,premium_tru,premium_gen,esn_err,epochs_run,final_lr,device,dtype,cross_frac,inv_R,repairs,secs
linear_m02,linear,2,0.75,0.75,0.0,0.04580976375344703,0.21054653535734058,0.990618109703064,0.8480532765388489,0.18323905501378812,0.024019549112135552,7.628746657913286,True,4.092471467265213e-08,-0.2829597221736405,0.02690039498549699,0.013969990064585365,0.004178729500338023,0.0058372167454783935,0.4775137444516539,0.47537060616693644,0.4593312916493835,0.4815092138997136,0.023598025142677562,0.8543046357615894,0.8675496688741722,0.05884425535985091,0.05926112368841022,4.440892098500626e-16,300,0.0,cpu,float32,0.0,0.7999999999999999,none,297.4435541629791
linear_m04,linear,4,0.75,0.75,0.0,0.024688810068513423,0.18195033494223778,1.0457012206315994,0.8269173689186573,0.09875524027405369,0.02382119648980674,4.145687657473955,True,2.849181879316376e-08,-0.2463910748865837,0.026763744179993307,0.013958485708681358,0.004118740269388456,0.005781670119497547,0.4775137444516539,0.47899093565102563,0.45957735230541796,0.5434396718873075,0.052279312114245066,0.8410596026490066,0.7814569536423841,0.05884425535985091,0.05903852785252092,2.220446049250313e-16,300,0.0,cpu,float32,0.0,0.85,none,270.8612368106842
linear_m08,linear,8,0.75,0.75,0.0,0.024204848193232986,0.13000146547173985,1.0814854465425014,0.820317221339792,0.09681939277293194,0.028171432370655974,3.436793397618692,True,1.2506112700982897e-08,-0.2373354039205241,0.027742095001672726,0.013967582525657312,0.004342971873610645,0.005607333888926938,0.4775137444516539,0.47587447743429817,0.4597463794747217,0.6582292470909138,0.03012028236259646,0.7549668874172185,0.7748344370860927,0.05884425535985091,0.058981723743667586,2.220446049250313e-16,300,0.0,cpu,float32,0.0,0.8999999999999999,none,275.21720910072327
hetero_m02,hetero,2,0.75,0.7500000000003294,0.0,0.03190939287002409,0.25173155608566966,0.9806573688983917,0.806677833199501,0.12763757148026453,0.01825758079844325,6.990935594881643,True,6.907668881339646e-14,-0.49484198190479817,0.024326950997508368,0.03496507835845077,0.0034260569476690567,0.006194982271638321,0.30950767008798913,0.31149083475873296,0.2739695662703239,1.0897059106158535,-0.008781259406712157,0.8543046357615894,0.44370860927152317,0.05705083478917139,0.05756167290946658,3.885780586188048e-16,300,0.0,cpu,float32,0.0,0.6,R (in the box only),264.56081199645996
hetero_m04,hetero,4,0.75,0.7500000000003294,0.0,0.023851308113064795,0.1850484225372641,1.0813642144203186,0.8218252118676901,0.09540523245238489,0.0167697939521535,5.689111787812598,True,1.2899403767363538e-14,-0.4549238717015889,0.023155388818948526,0.03498403434579757,0.003537975554550892,0.00624180687245411,0.30950767008798913,0.3120682672747505,0.27401062485498934,1.0772319602122458,-0.017598456251947035,0.8609271523178808,0.11258278145695365,0.05705083478917139,0.0574253926295913,1.942890293094024e-16,300,0.0,cpu,float32,0.0,0.6,none,295.9889569282532
hetero_m08,hetero,8,0.75,0.7500000000003294,0.0,0.0270069995958806,0.15981146534286572,1.1427339166402817,0.8238586327061057,0.10802799838366474,0.023140791147351403,4.668293218489601,True,1.3183898417423734e-16,-0.4366467482608246,0.02624508080604003,0.03494486822168324,0.0037740150783777348,0.006234431469162259,0.30950767008798913,0.3086700966371301,0.2740840277531633,1.0181627750112783,-0.01864202498089747,0.8079470198675497,0.08609271523178808,0.05705083478917139,0.057682725646597766,1.1102230246251565e-16,300,0.0,cpu,float32,0.0,0.6,none,316.22961688041687
skew_m02,skew,2,0.75,0.7499999999999817,0.0,0.034381754818269106,0.18831073797739095,0.909428745508194,0.7829969078302383,0.13752701927306635,0.0326385493243293,4.213637619321257,True,1.986524555963598e-10,-0.37341268062962096,0.017212404813116776,0.022284886244467752,0.0048535703787237795,0.0190619234657158,0.3968616748738835,0.39458724844325566,0.36596134075948633,0.557673840866654,0.019052172657024687,0.8211920529801324,0.8609271523178808,0.07715872331654669,0.07773023745957067,3.3306690738754696e-16,300,0.0,cpu,float32,0.0,0.75,none,316.3592441082001
skew_m04,skew,4,0.75,0.7499999999999817,0.0,0.034480154402398655,0.13089304266077895,1.0544305071234703,0.8205162174999714,0.13792061760958452,0.03434383108134109,4.015877473975709,True,1.7708692845452845e-10,-0.3393246814453729,0.013498039825035802,0.02224806662331034,0.004991050156558151,0.01908654473275409,0.3968616748738835,0.4036433260487365,0.36607108675533606,0.5709479445021287,0.04066844843116701,0.8344370860927153,0.7417218543046358,0.07715872331654669,0.07710881569605607,1.6653345369377348e-16,300,0.0,cpu,float32,0.0,0.7999999999999999,none,324.81997084617615
skew_m08,skew,8,0.75,0.7499999999999817,0.0,0.03422133105191194,0.11946400429374027,1.0584950223565102,0.7930354792624712,0.13688532420763774,0.03271333914888158,4.184388624611488,True,1.3758938433028334e-11,-0.3220619676101919,0.017879239056442793,0.022218409505735216,0.005673803887731468,0.019100164527617296,0.3968616748738835,0.4051934719971872,0.36621379088399586,0.6456010001489146,0.037448870019103124,0.8013245033112583,0.6490066225165563,0.07715872331654669,0.0775727738366403,1.1102230246251565e-16,300,0.0,cpu,float32,0.0,0.85,none,319.2715311050415
smoothnl_m02,smoothnl,2,0.75,0.75,0.0,0.06996112490356698,0.15842891696173256,0.9310916066169739,0.8089875876903534,0.27984449961426794,0.04754588185266384,5.885777878333519,True,2.191249320881994e-09,-0.37134230826243914,0.02210172770122419,0.02240561800714608,0.008370085023490778,0.010685949559346285,0.2541199518086585,0.25627216932424474,0.27182069214931504,1.0869887585721247,-0.05922896646077137,0.9072847682119205,0.7218543046357616,0.11797554610615174,0.11903153702857444,4.440892098500626e-16,300,0.0,cpu,float32,0.0,0.8999999999999999,none,306.56271624565125
smoothnl_m04,smoothnl,4,0.75,0.75,0.0,0.06649539164733886,0.11751665514995668,0.9888030365109444,0.8292322419583797,0.26598156658935546,0.05340827247053334,4.980156711417768,True,5.621712539927159e-10,-0.32797261706022424,0.023979214952414268,0.022376549272366462,0.008209334326139957,0.010414473402603364,0.2541199518086585,0.25161139675981,0.2719156113824269,1.440207963838423,-0.07382935689390986,0.8675496688741722,0.6158940397350994,0.11797554610615174,0.11904552218774275,2.7755575615628914e-16,300,0.0,cpu,float32,0.0,0.8999999999999999,none,342.41424083709717
smoothnl_m08,smoothnl,8,0.75,0.75,0.0,0.09819789264285372,0.223765786992785,1.0058021005243063,0.8476771898567677,0.3927915705714149,0.0993714354913353,3.9527613607399723,True,2.954854610992541e-09,-0.3046146292089701,0.025867008584574556,0.022370586266708438,0.008213668513667777,0.010398008905809478,0.2541199518086585,0.2696398006226522,0.27211439056501496,1.3193791724335682,-0.08094123140014853,0.8145695364238411,0.7748344370860927,0.11797554610615174,0.11894709630765268,2.7755575615628914e-16,300,0.0,cpu,float32,0.0,1.0999999999999999,Pi,340.4138677120209
arch_m02,arch,2,0.75,0.7499999999996951,0.0,0.16461073862043574,0.30948158691154914,0.5379217863082886,0.4637434482574463,0.65844295448094,0.0983081195798563,6.697747422033464,True,0.0,-2.8197520676192727,0.027980299137947577,0.040139226113039723,0.013373397806572922,0.01689497467408389,0.08271343028220317,0.06736106729089118,-0.008988400377410766,0.9079490541489691,-0.20447873822226958,0.5960264900662252,0.9470198675496688,0.20539441662793453,0.20858519548367208,4.440892098500626e-16,300,0.0,cpu,float32,0.0,0.75,none,299.5867989063263
arch_m04,arch,4,0.75,0.7499999999996951,0.0,0.17156831717564724,0.39065130280793825,0.7396906167268753,0.5341220498085022,0.6862732687017521,0.11506467218863137,5.964239550230582,True,5.551115123125783e-17,-2.5080527470929046,0.025914322444635034,0.04012107404433055,0.0137365237145753,0.017084184163994157,0.08271343028220317,0.05599363392400556,-0.009206187483679925,0.8251928419885989,-0.22910231544907975,0.609271523178808,0.8013245033112583,0.20539441662793453,0.20947405266916388,2.7755575615628914e-16,300,0.0,cpu,float32,0.0,0.75,none,313.3109509944916
arch_m08,arch,8,0.75,0.7499999999996951,0.0,0.18504011600343795,0.365595715865921,0.6845356002449989,0.48276418820023537,0.7401604640128492,0.14373337001628506,5.149538092156252,True,1.3877787807814457e-16,-2.5432120004017147,0.03239435130315675,0.040173685909776956,0.01478549484280685,0.016933381140437652,0.08271343028220317,0.041187619927231744,-0.009168320287908793,0.6807544390602398,-0.284350349523038,0.543046357615894,0.7748344370860927,0.20539441662793453,0.20956947413788085,3.3306690738754696e-16,300,0.0,cpu,float32,0.0,0.75,none,301.1752338409424
oscillatory_m02,oscillatory,2,0.75,0.7499999999997294,0.0,0.09565396220412592,0.2780803824439786,0.8177350461483002,0.7978778183460236,0.3826158488160896,0.08142506254477366,4.698993612755268,True,0.0,-0.735752614501912,0.02024675154663857,0.034487709265504346,0.010824069673669393,0.031062690481540884,0.001187889026776644,0.004387949675065498,0.022528133016305234,1.2605163092086913,-0.139898104417083,0.7218543046357616,0.7682119205298014,0.18135398002893735,0.184608533446566,6.106226635438361e-16,300,0.0,cpu,float32,0.0,0.95,none,296.35903120040894
oscillatory_m04,oscillatory,4,0.75,0.7499999999997294,0.0,0.08378260556978945,0.2570369993678736,1.1028697155416012,0.9405354801565409,0.3351304222787951,0.09180897744093763,3.650301219119781,True,0.0,-0.8077009323179402,0.01938478544404817,0.03447753944138173,0.012287769326981985,0.03099299177162207,0.001187889026776644,0.003347068243870715,0.022404919058518935,1.3620040849318469,-0.15998453297854193,0.7417218543046358,0.609271523178808,0.18135398002893735,0.18443641961029317,4.440892098500626e-16,300,0.0,cpu,float32,0.0,0.8999999999999999,none,292.0512511730194
oscillatory_m08,oscillatory,8,0.75,0.7499999999997294,0.0,0.08236056188660845,0.26586095621953876,1.1123051047325134,0.9046973846852779,0.32944224754607726,0.08771214436545427,3.755947935481432,True,1.1102230246251565e-16,-0.6525250183634315,0.02250597349291141,0.03449548207599113,0.012041303290895936,0.030951560745385312,0.001187889026776644,0.02909709784302298,0.02239963200843212,1.2288055652450383,-0.1568343427598564,0.7218543046357616,0.41721854304635764,0.18135398002893735,0.18369729604470472,3.885780586188048e-16,300,0.0,cpu,float32,0.0,1.2,Pi,304.21708512306213
logistic_m02,logistic,2,0.75,0.75,0.0,0.15445646637756982,0.251083870986891,0.7890040278434753,0.7616152837872505,0.6178258655102793,0.09330876524287479,6.621305768028663,True,0.0,-1.666868981490932,0.021813957840552192,0.0397824330399826,0.016487998099648068,0.04647908355122023,0.04050289735152619,0.026849112208621264,6.199785352331291e-05,0.9642502327816795,-0.11860463697312915,0.7086092715231788,0.7615894039735099,0.21546839709160187,0.21960999877192922,6.661338147750939e-16,300,0.0,cpu,float32,0.0,0.95,none,319.37139320373535
logistic_m04,logistic,4,0.75,0.75,0.0,0.1763439184773652,0.292413506947919,0.8878964483737946,0.7296973280608654,0.7053756739094608,0.12138110168695548,5.81124791344076,True,0.0,-1.5321446161564976,0.021563776669907667,0.03978072433124629,0.016392195714226523,0.046352530345454196,0.04050289735152619,0.029446599679178644,-0.0001868728584399216,1.6416603906955614,-0.13555201951069062,0.7086092715231788,0.6291390728476821,0.21546839709160187,0.21897260416953432,4.440892098500626e-16,300,0.0,cpu,float32,0.0,1.0,none,320.4992413520813
logistic_m08,logistic,8,0.75,0.75,0.0,0.18298265366744282,0.2952656568700277,0.7070100996643305,0.6658738497644663,0.7319306146697713,0.15198734734623037,4.815733858440321,True,1.6653345369377348e-16,-1.3605864192366792,0.026352270864924164,0.03982917144038865,0.017713345100217052,0.04613004353925748,0.04050289735152619,0.022993958880749944,-0.0001432012324331082,1.3239819597687013,-0.1564017828406717,0.6622516556291391,0.4966887417218543,0.21546839709160187,0.2197446219942789,4.440892098500626e-16,300,0.0,cpu,float32,0.0,1.0,none,317.4405162334442
arma_m02,arma,2,0.75,0.6851211072663212,0.06487889273353376,0.024684825296782675,0.43781061235965546,0.8641953766345978,0.7638643532991409,0.4904825770410598,0.02629803991363644,18.650917659712263,True,1.3877787807814457e-16,-0.42960767397537597,0.019882328696103863,0.024003469270198734,0.00477958021301368,0.005944318554100546,0.2029701002599951,0.20468688218309666,0.21428953146681726,0.8160379559421542,0.032650233021128336,0.8145695364238411,0.8741721854304636,0.07116416740133755,0.07256276461908698,3.885780586188048e-16,300,0.0,cpu,float32,0.0,0.6,R (in the box only),340.25658798217773
arma_m04,arma,4,0.75,0.7443876390367481,0.005612360963106924,0.02293692323641816,0.2378554007854743,1.0260094106197357,0.8216400016099215,0.13364629564038671,0.020153951225064137,6.63127017367094,True,0.0,-0.28970021237400995,0.018003735884319402,0.02410473253955756,0.0044693613384889945,0.005961021046132763,0.2029701002599951,0.20251635181032393,0.21460567906623948,0.7499323296915933,0.014421134811085258,0.8410596026490066,0.8344370860927153,0.07116416740133755,0.07229116129106013,1.942890293094024e-16,300,0.0,cpu,float32,0.0,0.75,none,336.3923499584198
arma_m08,arma,8,0.75,0.7499580018724148,4.199812744028345e-05,0.024997794884306868,0.1206574821445916,1.1665085963904858,0.8237508265301585,0.10031031317542632,0.022856659501484355,4.388669007774823,True,4.163336342344337e-17,-0.24885934341986107,0.023091302599479516,0.024127617762097722,0.004652756627328708,0.006014753847712949,0.2029701002599951,0.19852596379479884,0.2146015600257636,0.6901315040860765,-0.007837028594695929,0.7549668874172185,0.6158940397350994,0.07116416740133755,0.07267890409235828,1.1102230246251565e-16,300,0.0,cpu,float32,0.0,0.7999999999999999,none,300.6465721130371
longmem_m02,longmem,2,0.75,0.3933597806039699,0.35664021939602997,0.040530129284823024,0.25219631258423314,0.78644660115242,0.6008584499359131,1.242599062797675,0.09393972659899172,13.227620600835476,True,5.551115123125783e-17,-0.7557662345045019,0.02384525189069062,0.02705377091033552,0.004601545420748589,0.00568558993793212,0.15221320463114496,0.1513908501174373,0.13658247515177865,1.8756913409811942,0.004150371643192684,0.5894039735099338,0.8344370860927153,0.07753230595932198,0.07890386804194811,3.3306690738754696e-16,300,0.0,cpu,float32,0.0,0.6,R (in the box only),343.4927830696106
longmem_m04,longmem,4,0.75,0.48561480247209277,0.2643851975279071,0.03284225381825001,0.16528659968826298,0.9321182817220688,0.6734673082828522,1.0918133950454412,0.0640400118797939,17.048925554461576,True,6.902672877728833e-12,-0.6104885449397285,0.02015486562244404,0.02738844036854002,0.004749690317764095,0.005573123934026012,0.15221320463114496,0.1554036711032663,0.13632110147705134,1.0963868115424953,-0.004637001640195138,0.7947019867549668,0.7019867549668874,0.07753230595932198,0.07843926396475215,1.6653345369377348e-16,300,0.0,cpu,float32,0.0,0.6,none,301.0679659843445
longmem_m08,longmem,8,0.75,0.5599166765723959,0.19008332342760403,0.025922921940049637,0.11588709026830424,0.9450559429824352,0.6936775706708431,0.922756094533224,0.04561923309919755,20.227347805841468,True,3.1488579162186614e-07,-0.5188751880949469,0.025653429483746215,0.02720972783535795,0.005031091649663115,0.0059971948004850185,0.15221320463114496,0.15149917886649633,0.13484444788609337,0.8881114147251434,-0.008881383195651842,0.6821192052980133,0.7483443708609272,0.07753230595932198,0.07858055110906975,1.1102230246251565e-16,300,0.0,cpu,float32,0.0,0.6,none,339.9788706302643
